Electricity_kWh,Transport_km,LPG_cylinders,Electricity_CO2,Transport_CO2,LPG_CO2,Total_CO2,Month,Year,User_Profile
195.07143064099162,519.5981825434216,1.5986584841970366,159.95857312561313,109.11561833411852,67.6488324172818,336.7230238770135,1,2019,Transport_Heavy
123.3991780504304,111.6167224336399,1.866176145774935,101.18732600135291,23.439511711064377,78.96910978461216,203.59594749702944,1,2019,Urban_Commuter
114.28668179219407,495.26654188465585,1.0564115790271003,93.71507906959914,104.00597379577772,44.703112378110774,242.42416524348764,1,2019,Transport_Heavy
193.855270901575,300.2336297523043,1.9922115592912175,158.9613221392915,63.0490622479839,84.30242434296716,306.3128087302425,1,2019,Transport_Heavy
71.29695700716763,51.48538589793427,0.802361513049481,58.46350474587746,10.811931038566197,33.952729786201836,103.2281655706455,1,2019,Low_Emission
86.73422621808724,43.991658302915326,0.5326659642495308,71.12206549883153,9.238248243612219,22.540292943183147,102.9006066856269,2,2019,Low_Emission
136.63618432936917,436.8209952651108,1.7851759613930136,112.04167115008272,91.73240900567326,75.54150598230676,279.31558613806277,2,2019,Transport_Heavy
345.6154978167907,148.3230885806788,2.20014433987197,283.4047082097684,31.14784860194255,93.10130788602228,407.6538646977332,2,2019,High_Energy
76.45269111408629,16.82096494749166,0.3455361150896956,62.691206713550756,3.5324026389732484,14.62170624613556,80.84531559865957,2,2019,Sustainable
194.22017556848527,468.9864653536618,1.385416502539916,159.2605439661579,98.48715772426897,58.62528472147908,316.37298641190597,2,2019,Transport_Heavy
114.65081710095758,236.84660530243139,1.4401524937396013,94.0136700227852,49.73778711351059,60.941492925084965,204.69295006138077,3,2019,Urban_Commuter
149.51769101112703,310.3165563345655,1.909320402078782,122.60450662912416,65.16647683025876,80.79480213436574,268.56578559374867,3,2019,Transport_Heavy
118.22360877880624,526.6084230952957,1.4251558744912447,96.94335919862111,110.5877688500121,60.30689598497151,267.8380240336047,3,2019,Transport_Heavy
185.1550491729987,106.26265849111172,1.8422847745949986,151.82714032185893,22.31515828313346,77.95812252176196,252.10042112675436,3,2019,Urban_Commuter
193.9498941564189,568.4482051282946,1.597899978811085,159.0389132082635,119.37412307694186,67.61673550336988,346.0297717885752,3,2019,Transport_Heavy
104.5227288910538,397.5990992289793,1.3886772896894821,85.70863769066412,83.49581083808565,58.76326819050013,227.9677167192499,4,2019,Transport_Heavy
180.95381985836195,217.35023313276963,1.965255307264138,148.3821322838568,45.64354895788162,83.16174358218926,277.1874248239277,4,2019,Urban_Commuter
154.26960831582485,342.2772674924288,1.8021969807540397,126.50107881897637,71.87822617341004,76.26176743758793,274.6410724299743,4,2019,Transport_Heavy
51.09454847188358,45.40408884238218,0.7764170627228988,41.89752974694453,9.534858656900257,32.85486442618218,84.28725283002697,4,2019,Low_Emission
299.7106010222013,121.134195274865,2.6852633107968087,245.76269283820503,25.43818100772165,113.62960225967775,384.8304761056044,4,2019,High_Energy
268.5111629335226,85.84657285442725,1.6738035892876946,220.17915360548852,18.027780299429722,70.82867268429807,309.0356065892163,5,2019,High_Energy
93.63086887792906,39.85388149115895,0.5444908452002165,76.77731247990182,8.36931511314338,23.04067460549236,108.18730219853755,5,2019,Low_Emission
83.77637070028385,35.502298854208526,0.9210489198034286,68.69662397423275,7.4554827593837905,38.97510609040189,115.12721282401841,5,2019,Sustainable
76.8048812327653,78.30272572334623,1.0942396769862586,62.98000261086754,16.443572401902706,46.303846171350514,125.72742118412076,5,2019,Low_Emission
73.67663185416978,40.83868719818244,0.6456569174550735,60.41483812041922,8.576124311618312,27.321618119028887,96.31258055106642,5,2019,Sustainable
99.74640227800512,26.65344924870988,0.807535551306039,81.7920498679642,5.597224342229074,34.17167438906635,121.5609485992596,6,2019,Low_Emission
257.85729642168354,113.64104112637804,1.97153397161449,211.44298306578048,23.864618636539387,83.42743154283875,318.7350332451586,6,2019,High_Energy
190.7566473926093,374.7876687446625,1.4103829230356297,156.4204508619396,78.70541043637913,59.6817637711757,294.80762506949446,6,2019,Transport_Heavy
300.76530618369236,144.2853570557981,2.398298199732804,246.62755107062773,30.2999249817176,101.48638661989332,378.4138626722387,6,2019,High_Energy
290.3053218135011,142.9697652342573,2.7121805693466254,238.0503638870709,30.023650699194032,114.76863297247179,382.8426475587367,6,2019,High_Energy
57.38459818811894,47.392074228974614,0.6529083060517835,47.05537051425753,9.952335588084669,27.628467878887268,84.63617398122946,7,2019,Low_Emission
189.25589984899779,461.8026725746952,1.8074401551640626,155.1898378761782,96.97856124068599,76.48363760592247,328.65203672278665,7,2019,Transport_Heavy
135.6297838076975,572.0485324637261,1.2721322493846352,111.21642272231193,120.13019181738248,53.83154826496022,285.1781628046547,7,2019,Transport_Heavy
356.77694715656406,131.80147659224932,2.7910958748845154,292.55709666838254,27.678310084372356,118.10801304161313,438.34341979436806,7,2019,High_Energy
354.35275078719474,72.21078104707303,1.6797980510005242,290.56925564549965,15.164264019885335,71.08233432613817,376.8158539915231,7,2019,High_Energy
124.41255222477741,350.48731265187917,1.2187642195730701,102.01829282431747,73.60233565689462,51.57322671545403,227.1938551966661,8,2019,Transport_Heavy
78.26853197406285,23.893534826538893,0.6777407897540413,64.18019621873154,5.017642313573168,28.679279259232008,97.8771177915367,8,2019,Low_Emission
125.17822958253642,449.1745517677156,1.3008783098167696,102.64614825767985,94.32665587122028,55.04796655820642,252.02077068710653,8,2019,Transport_Heavy
119.84183395342593,36.0068608565171,1.183630469082857,98.27030384180927,7.561440779868591,50.086506929710175,155.91825155138804,8,2019,Low_Emission
105.14787512499893,383.5939392709834,1.9082658859666537,86.22125760249912,80.55472724690651,80.75017923056491,247.52616407997056,8,2019,Transport_Heavy
420.1763628886917,103.09345833171363,2.1716747468596376,344.5446175687272,21.649626249659864,91.89658858811241,458.0908324064995,9,2019,High_Energy
108.08533263327152,410.89633681842133,1.242159938277426,88.62997275928264,86.28823073186848,52.56323994814756,227.4814434392987,9,2019,Transport_Heavy
77.93834983561476,35.34118843043579,0.6750422788523309,63.909446865204096,7.421649570391516,28.565089071915235,99.89618550751085,9,2019,Sustainable
60.55022807758006,50.49192660444312,0.9870689647536173,49.65118702361565,10.603304586933055,41.76881031251407,102.02330192306277,9,2019,Low_Emission
397.72323579706045,117.75643618422824,1.5248817433917843,326.13305335358956,24.72885159868793,64.52689585336674,415.3888008056442,9,2019,High_Energy
452.3752615349289,84.86659872917294,1.6442648266371311,370.94771445864166,17.821985733126315,69.57871040397684,458.34841059574484,10,2019,High_Energy
98.36564166717261,43.20412077803225,1.155710992115714,80.65982616708153,9.072865363386772,48.90506634236855,138.63775787283686,10,2019,Low_Emission
97.29830819274966,64.11296715444632,0.6463501345163996,79.78461271805472,13.463723102433727,27.350952292195963,120.5992881126844,10,2019,Low_Emission
138.69124415727333,231.99680920683582,1.8172222002012157,113.72682020896413,48.71932993343552,76.89757462371465,239.3437247661143,10,2019,Urban_Commuter
86.16451238897099,35.64975048982454,1.197377589830547,70.65490015895621,7.486447602863153,50.66823009126942,128.8095778530888,10,2019,Low_Emission
155.82934536070977,564.7909029568019,1.1887071083413794,127.780063195782,118.6060896209284,50.301329996573806,296.68748281328425,11,2019,Transport_Heavy
74.44467022288626,63.557340732214364,1.1279771819668039,61.04462958276673,13.347041553765015,47.73148243210726,122.123153568639,11,2019,Low_Emission
94.94221523080014,25.04839789970293,0.6131400998662296,77.8526164892561,5.260163558937615,25.945636465939373,109.0584165141331,11,2019,Low_Emission
158.06866214364547,411.68482996852293,1.9401334424577783,129.6163029577893,86.45381429338981,82.09868675104335,298.1688040022225,11,2019,Transport_Heavy
50.354310869235306,29.648483085049918,0.8841136525566102,41.29053491277295,6.226181447860482,37.412153321585514,84.92886968221895,11,2019,Low_Emission
412.99031487565014,72.42693094605598,2.568268832021304,338.6520581980331,15.209655498671754,108.6788638958135,462.54057759251833,12,2019,High_Energy
84.57256006284042,30.729362553279728,0.7565281492080019,69.34949925152914,6.4531661361887425,32.013245161885806,107.81591054960369,12,2019,Low_Emission
414.40322307508586,106.83086033354716,1.6405121517421386,339.8106429215704,22.434480670044902,69.41991221312034,431.66503580473557,12,2019,High_Energy
409.08315454647385,75.04618186055842,2.384806271340816,335.4481867281085,15.759698190717268,100.91546217805796,452.1233470968837,12,2019,High_Energy
69.20452917756731,46.24395150874216,0.6040760558573,56.74771392560519,9.711229816835852,25.5620823796575,92.02102612209853,12,2019,Sustainable
70.15822558631153,33.07615538505436,0.6447623856732048,57.529744980775455,6.945992630861416,27.28376511214733,91.75950272378421,1,2020,Sustainable
53.811116094493315,29.96773519539009,0.7004029394464282,44.12511519748452,6.293224391031919,29.638250785615057,80.0565903741315,1,2020,Sustainable
53.05226402281036,79.67303064784046,0.82896115979366,43.502856498704496,16.731336436046497,35.078320437828516,95.3125133725795,1,2020,Low_Emission
93.00964133597554,39.90875095589656,0.9671502929167672,76.26790589549994,8.380837700738278,40.92593179506592,125.57467539130414,1,2020,Sustainable
65.69104889903886,48.666192761746785,0.9745339839624769,53.86666009721186,10.219900479966824,41.23838006535617,105.32494064253486,1,2020,Sustainable
55.27423792042897,38.34182115723091,0.6336377218052422,45.324875094751754,8.05178244301849,26.813013835910628,80.18967137368087,2,2020,Low_Emission
72.18454036093944,30.16956480116555,0.889760883720845,59.19132309597033,6.335608608244765,37.651121555531276,103.17805325974638,2,2020,Low_Emission
239.50252522162478,114.08322616990878,1.2089187176153602,196.39207068173232,23.957477495680845,51.156604454611575,271.50615263202474,2,2020,Urban_Commuter
138.1245473604608,159.05811768378774,1.3225507642386005,113.26212883557785,33.402204713595424,55.965058139520615,202.6293916886939,2,2020,Urban_Commuter
59.56349320094202,62.53465981460712,0.8869739838355354,48.84206442477245,13.132278561067494,37.53319109998451,99.50753408582446,2,2020,Low_Emission
221.40417332177702,262.02267893583615,1.8670723185801037,181.55142212385715,55.02476257652559,79.00703223303566,315.5832169334184,3,2020,Urban_Commuter
44.895650824014425,10.207394510959471,0.7395260904640453,36.814433675691824,2.1435528473014887,31.293786044076537,70.25177256706985,3,2020,Sustainable
164.99639307777653,510.590063177311,1.795792669436101,135.29704232377674,107.2239132672353,75.99076259985804,318.51171819087006,3,2020,Transport_Heavy
188.66171489506598,308.2850315621114,1.5788648955075586,154.70260621395408,64.73985662804338,66.81124691829784,286.2537097602953,3,2020,Transport_Heavy
366.399504533115,104.26446347075766,1.9298118781924267,300.4475937171543,21.89553732885911,81.66191943759073,404.0050504836041,3,2020,High_Energy
229.0606927467513,150.0502721031728,1.038834734429423,187.82976805233605,31.510557141666286,43.959330622115466,263.2996558161178,4,2020,Urban_Commuter
281.7651281629712,102.22432600548044,2.6549903296479163,231.0474050936364,21.46710846115089,112.34857078938121,364.8630843441685,4,2020,High_Energy
196.52518303907698,437.1795484841185,1.8420230750119813,161.15065009204312,91.80770518166489,77.947048442207,330.905403715915,4,2020,Transport_Heavy
141.13539050566786,509.8536632301582,1.1383530924178014,115.73102021464764,107.06926927833321,48.17054945875168,270.9708389517325,4,2020,Transport_Heavy
98.17221202684954,38.58380416719808,0.32874726173751306,80.50121386201661,8.102598875111596,13.911269127684601,102.51508186481281,4,2020,Sustainable
359.742855176409,57.8456381342266,1.5380261151231862,294.9891412446554,12.147584008187584,65.08311308755273,372.21983834039577,5,2020,High_Energy
44.85237799703186,27.132578997604313,0.7819499305357565,36.77894995756612,5.697841589496905,33.08899326055107,75.5657848076141,5,2020,Sustainable
62.130602404959205,29.38622256026516,0.6751700287152167,50.94709397206655,6.171106737655683,28.570494935113107,85.68869564483533,5,2020,Low_Emission
96.21381637024119,36.79603381675657,1.168405696464236,78.89532942359777,7.727167101518879,49.44225545158061,136.06475197669727,5,2020,Low_Emission
76.70324477406113,26.784002497111597,0.4734116926508102,62.896660714730125,5.624640524393436,20.032889186211683,88.55419042533524,5,2020,Sustainable
439.46152761609227,51.439348862975585,1.6741089607603743,360.35845264519565,10.802263261224873,70.841594783536,442.0023106899565,6,2020,High_Energy
45.64941929611361,22.45653237565177,0.9856573700350559,37.43252382281315,4.715871798886871,41.70907727040343,83.85747289210346,6,2020,Sustainable
68.45042974523952,13.91336642604006,0.6441311125817826,56.129352391096404,2.9218069494684125,27.25705216001071,86.30821150057552,6,2020,Sustainable
117.32018699100152,430.1554947713919,1.3985047343973736,96.20255333262124,90.33265390199229,59.17912634075926,245.7143335753728,6,2020,Transport_Heavy
242.37185973870788,277.3360774596095,1.260893623341714,198.74492498574045,58.24057626651799,53.35597456532797,310.34147581758646,6,2020,Urban_Commuter
193.87898735713546,200.62725171601755,1.8564898411883224,158.98076963285106,42.13172286036369,78.55922411972504,279.6717166129398,7,2020,Urban_Commuter
81.03782616388847,34.63404657559656,0.9607241231925299,66.45101745438853,7.2731497808752765,40.654001997015094,114.3781692322789,7,2020,Sustainable
103.97669658124327,217.15511625469264,1.9402302414249575,85.26089119661948,45.602574413485456,82.10278289613849,212.9662485062434,7,2020,Urban_Commuter
138.8169926206522,492.98646553270595,1.4582528904915166,113.8299339489348,103.52715776186824,61.70742931403901,279.06452102484207,7,2020,Transport_Heavy
455.1598689359888,112.59396701015729,2.730640265656902,373.2310925275108,23.64473307213303,115.54977348153746,512.4255990811813,7,2020,High_Energy
131.0026539815118,154.79222546422676,1.214589119708374,107.42217626483966,32.50636734748762,51.39655318957955,191.32509680190682,8,2020,Urban_Commuter
105.84446984653505,223.65077686757857,1.3365542148887264,86.79246527415873,46.9666631421915,56.55762815723135,190.31675657358159,8,2020,Urban_Commuter
147.8463445440642,268.97506219389095,1.023271935735826,121.23400252613264,56.4847630607171,43.30077523259721,221.01954081944695,8,2020,Urban_Commuter
139.10417923538546,199.20749085868124,1.6928903586919395,114.06542697301607,41.833573080323056,71.6363484184081,227.53534847174723,8,2020,Urban_Commuter
194.3414270169826,275.4944027054106,1.7350710438038859,159.35997015392573,57.853824568136226,73.42126628960523,290.6350610116672,8,2020,Urban_Commuter
98.05483309121485,31.918875329923495,0.596429659615683,80.40496313479616,6.702963819283934,25.23851747629724,112.34644443037735,9,2020,Sustainable
497.62628550016836,91.26176769114265,2.058027128689175,408.053554110138,19.164971215139957,87.08747597761112,514.3060013028891,9,2020,High_Energy
54.31581158742041,37.19379119600983,0.8179361323131622,44.538965501684736,7.810696151162064,34.61178537496377,86.96144702781058,9,2020,Sustainable
275.78096720898316,140.25529066795667,2.257878558671786,226.14039311136617,29.4536110402709,95.54438908875528,351.13839324039236,9,2020,High_Energy
72.40347207214282,73.73139370977202,0.7724411751139142,59.37084709915711,15.483592679052125,32.68662076612039,107.54106054432964,9,2020,Low_Emission
195.85414968831984,554.1429432286769,1.3549051904627207,160.60040274442227,116.37001807802216,57.33416803962048,334.3045888620649,10,2020,Transport_Heavy
195.0061967050805,585.1821440812669,1.5734378881232862,159.905081298166,122.88825025706603,66.58159767382497,349.374929229057,10,2020,Transport_Heavy
45.502248835508865,34.09763703604476,0.6875921366420605,37.31184404511727,7.160503777569399,29.096148854145433,73.5684966768321,10,2020,Sustainable
85.1424717662608,41.66316174903394,0.8527326999561877,69.81682684833385,8.749263967297127,36.08423693134604,114.65032774697701,10,2020,Sustainable
95.85574634123756,48.96992834137641,0.9971518694212302,78.6017119998148,10.283684951689045,42.19547850642878,131.08087545793262,10,2020,Sustainable
166.22957520600656,277.54083655165994,1.3509150125520786,136.30825166892538,58.28357567584858,57.16531967115375,251.7571470159277,11,2020,Urban_Commuter
245.29779159612025,237.6060020350078,1.836963874237374,201.14418910881858,49.89726042735164,77.73296330222871,328.7744128383989,11,2020,Urban_Commuter
57.07858732859532,25.046408366899847,0.990678392021384,46.80444160944816,5.259745757048968,41.92154683677688,93.985734203274,11,2020,Low_Emission
159.49774029313778,278.3793817553553,1.1466048216920255,130.78814704037296,58.45967016862462,48.519729634719745,237.76754684371733,11,2020,Urban_Commuter
45.09026284511152,49.465583140047016,0.5619895570292842,36.974015532991444,10.387772459409874,23.78115009525119,71.14293808765251,11,2020,Sustainable
111.62519780468918,34.20111162092472,1.1353855944439823,91.53266219984512,7.182233440394191,48.044976814491555,146.75987245473087,12,2020,Low_Emission
85.2026911155365,25.05038342123663,0.3584505016890681,69.86620671473992,5.260580518459692,15.168191429474605,90.29497866267421,12,2020,Sustainable
62.67925540733527,38.20337457186639,0.47410690810120154,51.39698943401492,8.022708660091942,20.062307923210444,79.4820060173173,12,2020,Sustainable
277.79937057653785,99.26251042908592,1.5170304671511285,227.79548387276103,20.84512719010804,64.19466124796716,312.8352723108362,12,2020,High_Energy
157.14730252050106,522.2921582732005,1.7671948531085717,128.86078806681087,109.6813532373721,74.78061740414232,313.3227587083253,12,2020,Transport_Heavy
102.09481598603085,60.86236562581454,0.6662545299047289,83.71774910854529,12.781096781421052,28.193226687448504,124.69207257741485,1,2021,Low_Emission
76.24094056665928,37.14272517691164,1.1080193897326223,62.5175712646606,7.799972287151444,46.886948495925644,117.20449204773769,1,2021,Low_Emission
97.79335236643668,10.486178987592654,0.9789151786953472,80.19054894047807,2.2020975873944573,41.42377470167231,123.81642122954483,1,2021,Sustainable
59.36118329665502,11.73603133192691,0.9472503311565172,48.676170303257116,2.464566579704651,40.08384501321918,91.22458189618095,1,2021,Sustainable
107.37965647353988,466.15628532039625,1.969302535619099,88.0513183083027,97.8928199172832,83.3330060972578,269.2771443228437,1,2021,Transport_Heavy
124.93231478638793,143.36182131729825,1.2944939468394299,102.4444981248381,30.105982476632633,54.77780585445731,187.32828645592804,2,2021,Urban_Commuter
93.92906560588443,55.058858715386016,1.130810607343692,77.02183379682523,11.562360330231064,47.85138166035567,136.43557578741195,2,2021,Low_Emission
114.06780391683745,77.52214444447077,0.5405047284303952,93.5355992118067,16.27965033333886,22.871998088260604,132.68724763340617,2,2021,Low_Emission
110.67560659358844,400.69801943908897,1.1696799038955654,90.75399740674251,84.14658408220868,49.49617481324474,224.39675630219594,2,2021,Transport_Heavy
146.36984049399823,406.00566840781585,1.583656111850872,120.02326920507853,85.26119036564133,67.0139920290815,272.29845159980135,2,2021,Transport_Heavy
136.03450952052683,377.9849588562788,1.4532408468288311,111.548297806832,79.37684135981854,61.49533967440882,252.42047884105935,3,2021,Transport_Heavy
69.5834455018262,44.67240325233118,0.9219473174163089,57.05842531149749,9.381204682989548,39.013122683788524,105.45275267827556,3,2021,Low_Emission
47.99110751342498,13.048015183966527,0.9583722789947684,39.35270816100848,2.7400831886329704,40.55448135794262,82.64727270758408,3,2021,Sustainable
431.42987709708996,111.341519593579,2.1273645544359283,353.77249921961374,23.381719114651588,90.02155848551074,467.1757768197761,3,2021,High_Energy
182.7381808816105,132.96685222740018,1.411255116585369,149.8453083229206,27.92303896775404,59.71867151342647,237.4870188041011,3,2021,Urban_Commuter
83.62590573064483,79.11716303993026,0.7637172789565585,68.57324269912876,16.614604238385354,32.31746037632573,117.50530731383984,4,2021,Low_Emission
157.13362849465324,293.98287956292063,1.8421189231357087,128.84957536561564,61.73640470821333,77.95110435141063,268.53708442523964,4,2021,Urban_Commuter
43.81070977540008,11.472874705439654,0.3936964831604432,35.924782015828065,2.409303688142327,16.659660381417314,54.99374608538771,4,2021,Sustainable
43.382529799055625,44.588895050202126,0.8690307063910543,35.57367443522561,9.363667960542447,36.773903371643854,81.71124576741191,4,2021,Sustainable
99.79821022443431,32.2172682241051,0.8382911906263573,81.83453238403614,6.76562632706207,35.47313002254493,124.07328873364312,4,2021,Sustainable
85.42487212254736,25.114021971031455,0.46875938263074224,70.04839514048882,5.273944613916606,19.836022035402486,95.15836178980791,5,2021,Sustainable
59.04115906060465,77.24306163552333,0.924322244115616,48.41375042969581,16.2210429434599,39.1136200819964,103.7484134551521,5,2021,Low_Emission
97.01904790840997,57.08769442747375,0.7507139026229883,79.55561928489617,11.988415829769487,31.767209503394373,123.31124461806003,5,2021,Low_Emission
174.72477799688394,195.24213935780284,1.831371490062501,143.27431795744482,41.0008492651386,77.49631597348478,261.77148319606823,5,2021,Urban_Commuter
227.827225047781,210.3813677548971,1.5609379715353864,186.81832453918042,44.180087228528386,66.05265120349141,297.0510629712002,5,2021,Urban_Commuter
350.87071655309927,63.40152284506407,1.5431740144700083,287.7139875735414,13.314319797463455,65.30095159631287,366.3292589673177,6,2021,High_Energy
77.21857308120788,38.16319072396894,0.4490749130562375,63.31922992659046,8.014270052033476,19.003054020887745,90.33655399951168,6,2021,Sustainable
198.04627250923778,482.4263548625656,1.6366443216222826,162.39794345757497,101.30953452113877,69.25624111376851,332.9637190924823,6,2021,Transport_Heavy
272.7505227628326,122.63970326502283,2.3211694603486674,223.65542866552272,25.754337685654793,98.2226068841142,347.6323732352917,6,2021,High_Energy
104.85571089188002,43.79256693927621,0.9354606901595115,85.98168293134161,9.196439057248005,39.58495456478989,134.7630765533795,6,2021,Low_Emission
424.41046787336586,129.64717756738773,2.1890202119192588,348.01658365616,27.225907289151422,92.63057928757534,467.87307023288673,7,2021,High_Energy
84.44814051556767,35.4946632979375,0.8213950293667829,69.24747522276549,7.453879292566874,34.758152062684786,111.45950657801714,7,2021,Low_Emission
193.12085266331368,169.48268164508283,1.2091307910785143,158.3590991839172,35.59136314546739,51.1655785552784,245.116040884663,7,2021,Urban_Commuter
310.03640469454825,57.586332810866395,1.693319582865974,254.22985184952955,12.093129890281942,71.65451146855655,337.97749320836806,7,2021,High_Energy
284.70679316235254,114.08747448032146,1.7728201265987171,233.45957039312907,23.958369640867506,75.01865647715131,332.43659651114785,7,2021,High_Energy
112.77518869342083,48.437698415772346,0.967290416964719,92.47565472860508,10.171916667312193,40.931861284279044,143.5794326801963,8,2021,Low_Emission
190.29030933114404,144.7698131812641,1.8217906368444492,156.03805365153812,30.40166076806546,77.0908925887097,263.53060700831327,8,2021,Urban_Commuter
141.78855085479378,135.40209685534936,1.0887025337570555,116.2666117009309,28.434440339623364,46.06953641846356,190.7705884590178,8,2021,Urban_Commuter
87.40964526127661,41.35948905631916,1.125952084027148,71.67590911424682,8.685492701827023,47.64578838769279,128.00719020376664,8,2021,Low_Emission
85.23920895983998,61.42368971776192,0.5275184978887693,69.89615134706878,12.898974840730002,22.322472756661156,105.11759894445994,8,2021,Low_Emission
83.68017758394052,61.26708302576498,0.8581599094830829,68.61774561883122,12.866087435410646,36.31389472968613,117.797727783928,9,2021,Low_Emission
480.2181001329533,56.107795985486376,1.9153164722208056,393.7788421090217,11.782637156952138,81.0485318384956,486.61001110446944,9,2021,High_Energy
55.916190537647736,55.836684935325835,1.1903798971067707,45.851276240871144,11.725703836418425,50.372115725970104,107.94909580325967,9,2021,Low_Emission
213.99331134063783,206.2531507947068,1.7205160613914647,175.474515299323,43.313161666888426,72.80535765384121,291.59303462005266,9,2021,Urban_Commuter
105.50248043358968,150.48738886880415,1.7133495858845524,86.51203395554353,31.602351662448868,72.50210107629071,190.6164866942831,9,2021,Urban_Commuter
383.0283713163289,60.7172011339776,2.1711185502351817,314.0832644793897,12.750612238135297,91.87305257175194,418.70692928927696,10,2021,High_Energy
349.29095812602066,60.48691665324809,2.6061078091407284,286.4185856633369,12.702252497182098,110.28005805159906,409.400896212118,10,2021,High_Energy
102.00711977777263,396.6237496749535,1.2114480069965445,83.64583821777354,83.29098743174023,51.263633864065774,218.20045951357955,10,2021,Transport_Heavy
180.30033460232852,146.64328230996023,1.3429268642782604,147.84627437390938,30.795089285091645,56.82729318879886,235.46865684779988,10,2021,Urban_Commuter
97.53716234011426,67.3502743164403,0.8489095392503401,79.9804731188937,14.143557606452463,35.92245606291739,130.04648678826356,10,2021,Low_Emission
153.71065418185478,476.05233540626375,1.74543947418433,126.04273642912091,99.97099043531539,73.86001678958411,299.8737436540204,11,2021,Transport_Heavy
89.5120979765849,42.726357557077364,0.7362127837103427,73.39992034079961,8.972535086986246,31.153580155486857,113.52603558327272,11,2021,Low_Emission
164.59172413316014,471.23349140067353,1.3560967258978462,134.9652137891913,98.95903319414144,57.38458905309326,291.308836036426,11,2021,Transport_Heavy
59.820908876854844,47.34767295039498,0.3052740541938523,49.05314527902097,9.943011319582945,12.917976877267053,71.91413347587097,11,2021,Sustainable
49.171548351059926,19.838309135380324,0.412476961281689,40.32066964786914,4.166044918429868,17.45437509359595,61.941089659894956,11,2021,Sustainable
271.97190613503597,130.58648867411435,1.583480234035463,223.01696303072947,27.423162621564014,67.00654958344465,317.44667523573816,12,2021,High_Energy
55.61636219631495,51.470683374215284,0.787277778892763,45.60541700097826,10.808843508585209,33.31444649162616,89.72870700118962,12,2021,Low_Emission
199.72555347683942,568.9830788922063,1.57599841780566,163.77495385100832,119.48644656736332,66.68994904786432,349.95134946623597,12,2021,Transport_Heavy
466.37678147349504,131.70720709492798,1.8868542405674098,382.4289608082659,27.658513489934876,79.84412404385051,489.9315983420513,12,2021,High_Energy
455.21536828833814,121.84572708365536,2.3025550980673657,373.27660199643725,25.587602687567625,97.43492152981864,496.29912621382357,12,2021,High_Energy
141.99686404904264,253.89858663838737,1.1870437485575234,116.43742852021497,53.31870319406135,50.23094326396016,219.98707497823648,1,2022,Urban_Commuter
142.54364386164167,452.2831136053365,1.2424097324150802,116.88578796654616,94.97945385712066,52.57381023687653,264.43905206054336,1,2022,Transport_Heavy
92.74340297091427,37.31783319441534,0.9068667549958286,76.0495904361497,7.836744970827222,38.37497360440348,122.2613090113804,1,2022,Low_Emission
483.0035855642335,82.06421921595143,2.3908246463368483,396.06294016267145,17.2334860353498,101.17013573439007,514.4665619324113,1,2022,High_Energy
168.14019583286495,209.72062358763066,1.5489219798889773,137.87496058294926,44.041330953402436,65.54418250098196,247.46047403733365,1,2022,Urban_Commuter
148.35307674620844,261.974889170927,1.2546406547637639,121.64952293189091,55.01472672589467,53.09137394698343,229.755623604769,2,2022,Urban_Commuter
40.16265396485978,14.667842565667254,0.6312163407363245,32.93337625118502,3.0802469387901232,26.710550674598306,62.724173864573444,2,2022,Sustainable
337.21706663574884,142.9529144247826,2.7459291116815936,276.51799464131403,30.02011202920434,116.19673628991832,422.73484296043665,2,2022,High_Energy
140.8518292935917,579.8814201299864,1.9909294764573906,115.49850002074518,121.77509822729714,84.24817172577093,321.52176997381326,2,2022,Transport_Heavy
127.18495992484903,113.29925347335549,1.741120649290059,104.2916671383762,23.792843229404653,73.67726139535814,201.761771763139,2,2022,Urban_Commuter
184.1828776758272,341.93171298788684,1.7952673118598903,151.0299596941783,71.80565972745623,75.96853156866311,298.80415099029767,3,2022,Transport_Heavy
116.36559428657046,349.2797393792979,1.814574720231382,95.41978731498777,73.34874526965255,76.78554386131115,245.55407644595147,3,2022,Transport_Heavy
408.43964093004433,140.7866130462516,1.9742948734447419,334.9205055626363,29.565188739712834,83.54426186468768,448.02995616703686,3,2022,High_Energy
158.8667661133953,263.31988789431546,1.4391349085702183,130.27074821298413,55.297176457806245,60.89843279105735,246.46635746184774,3,2022,Urban_Commuter
406.0253860454594,103.9781061914633,2.1581170130825087,332.9408165572767,21.835402300207292,91.32287952559943,446.09909838308346,3,2022,High_Energy
66.2548886602772,73.97447439647411,0.768723854961248,54.329008701427306,15.534639623259562,32.52931864654017,102.39296697122703,4,2022,Low_Emission
94.38832665787282,34.969519836559684,0.38182862849585486,77.39842785945571,7.343599165677533,16.157460243430595,100.89948726856383,4,2022,Sustainable
406.9270132678545,83.49056146570861,1.7089081089950808,333.6801508796407,17.533017907798808,72.31415554023584,423.52732432767533,4,2022,High_Energy
69.72541758423793,39.65843644556182,0.7012055944801721,57.1748424190751,8.328271653567981,29.67221593602296,95.17533000866604,4,2022,Sustainable
49.100492783965066,22.46888271182193,0.473942397870126,40.262404082851354,4.7184653694826055,20.05534650827225,65.03621596060621,4,2022,Sustainable
52.347270431504555,54.19338109227899,1.0337210800184833,42.924761753833735,11.380610029378587,43.742941222062136,98.04831300527445,5,2022,Low_Emission
438.6588229650291,60.2916030744145,2.3047220272268922,359.7002348313239,12.661236645627046,97.52661730413317,469.8880887810841,5,2022,High_Energy
145.70002192816784,481.1873616217538,1.5022883474625301,119.47401798109762,101.04934594056829,63.570833711224424,284.0941976328903,5,2022,Transport_Heavy
69.18144891973647,26.358207083419728,0.8403173864187714,56.7287881141839,5.5352234875181425,35.55887052369673,97.82288212539878,5,2022,Sustainable
410.2869082213243,119.39484444671,2.314086665021394,336.4352647414859,25.072917333809098,97.92289131704531,459.4310733923403,5,2022,High_Energy
399.7573411943316,132.67988278090783,2.9386121918460417,327.8010197793519,27.862775383990645,124.3503135101571,480.01410867349966,6,2022,High_Energy
242.0925009417723,130.67028062321603,1.5862298320167971,198.5158507722533,27.440758930875365,67.12290157162278,293.07951127475144,6,2022,Urban_Commuter
191.71813531519717,103.6220367641681,1.8721239089441515,157.20887095846166,21.760627720475302,79.2207953308807,258.19029400981765,6,2022,Urban_Commuter
110.22126642251996,575.6251566782239,1.7900846371240866,90.38143846646636,120.88128290242702,75.74922150454285,287.0119428734362,6,2022,Transport_Heavy
82.43431805880391,16.101561716570455,0.7034018521167692,67.5961408082192,3.3813279604797954,29.765152774173202,100.7426215428722,6,2022,Sustainable
110.33823090508282,115.46421309775745,1.1042469660518095,90.47734934216791,24.247484750529065,46.727314615448364,161.45214870814533,7,2022,Urban_Commuter
114.78979590347434,47.050362284247925,0.5792666320885287,94.12763264084896,9.880576079692064,24.512246803458176,128.5204555239992,7,2022,Low_Emission
49.93123062203739,17.452835179764826,0.8862435523017445,40.94360911007066,3.6650953877506134,37.50228215920061,82.11098665702188,7,2022,Sustainable
110.89274534434898,51.13028342756432,0.9138928050214504,90.93205118236615,10.737359519788507,38.67228793728769,140.34169863944237,7,2022,Low_Emission
62.75834190313293,39.76998607373155,0.4439058658629462,51.461840360569,8.351697075483626,18.78432061985643,78.59785805590906,7,2022,Sustainable
50.3242416103222,40.00995030146865,0.7787180855136603,41.2658781204642,8.402089563308415,32.95223450659605,82.62020219036867,8,2022,Low_Emission
110.44626984290699,75.3776139079091,0.8259900856231692,90.56594127118372,15.829298920660909,34.95259646323002,141.34783665507464,8,2022,Low_Emission
434.3753120274371,95.22179408898072,1.8369072344099728,356.18775586249836,19.99657675868595,77.73056653129241,453.9148991524767,8,2022,High_Energy
191.27494628791288,374.46793282714555,1.5776319540915473,156.84545595608856,78.63826589370056,66.75907376933792,302.24279561912704,8,2022,Transport_Heavy
141.8925449504548,574.4537703204301,1.3623938991166331,116.35188685937294,120.63529176729031,57.65106023501944,294.6382388616827,8,2022,Transport_Heavy
408.0660719798826,51.30944565883336,2.495306058025066,334.6141790235037,10.774983588355006,105.59137115138869,450.98053376324737,9,2022,High_Energy
117.27492222286186,28.919763665186778,0.7902368866089167,96.16543622274672,6.073150369689223,33.43966409374292,135.67825068617887,9,2022,Low_Emission
153.50697189336586,355.33886142565683,1.299595911766477,125.87571695256,74.62116089938793,54.99370060231024,255.49057845425818,9,2022,Transport_Heavy
63.839086927455874,27.071556213469975,0.8598474154519886,52.348051280513815,5.685026804828695,36.385303232266345,94.41838131760886,9,2022,Sustainable
77.49855922306314,25.109037897606772,0.885595369304633,63.54881856291177,5.272897958497422,37.47485364749485,106.29657016890403,9,2022,Sustainable
266.4271598570881,127.55276166950105,2.1799332521220416,218.47027108281222,26.78607995059522,92.2460554967963,337.50240653020376,10,2022,High_Energy
180.16838368858703,196.2175896775172,1.497011948821249,147.73807462464134,41.20569383227861,63.34755762631997,252.2913260832399,10,2022,Urban_Commuter
288.8100614826781,68.1928130495271,2.792678431520276,236.82425041579606,14.320490740400691,118.17498050821199,369.31972166440875,10,2022,High_Energy
343.32732906993823,77.07446731435537,2.4659993148585237,281.52840983734933,16.185638136014628,104.35122700755329,402.06527498091725,10,2022,High_Energy
180.0749771486121,593.6794306847884,1.8397888594565706,147.66148126186192,124.67268044380555,77.85250537676424,350.18666708243177,10,2022,Transport_Heavy
64.47906972189068,32.06890381037359,0.47772199483031297,52.87283717195036,6.734469800178454,20.215283933239522,79.82259090536833,11,2022,Sustainable
376.3769697765084,109.50489797004207,2.0089068688442864,308.62911521673686,22.996028573708834,85.00890306201481,416.63404685246053,11,2022,High_Energy
50.71267972326002,36.10984431407499,0.46672794673270857,41.58439737307321,7.583067305955748,19.750059793941293,68.91752447297024,11,2022,Sustainable
220.79724510368578,297.74575639108855,1.6031974021769795,181.05374098502233,62.526608842128596,67.84090127052106,311.421251097672,11,2022,Urban_Commuter
490.6623296387187,144.44097255772735,1.7116227731665703,402.3431103037493,30.33260423712274,72.42902926931659,505.1047438101886,11,2022,High_Energy
101.95028852661041,117.1017061708936,1.2078862551460272,83.59923659182053,24.591358295887655,51.11291477275929,159.30350966046748,12,2022,Urban_Commuter
280.69422241567713,137.64440758752937,2.46438834542138,230.16926238085523,28.905325593381168,104.2830572248511,363.35764519908753,12,2022,High_Energy
233.90075666154624,263.4887123476882,1.341817351697876,191.7986204624679,55.332629593014516,56.780343054447314,303.91159310992975,12,2022,Urban_Commuter
223.76609971339897,172.61184243901812,1.0342281108205291,183.48820176498714,36.248486912193805,43.76439673748151,263.50108541466244,12,2022,Urban_Commuter
162.4148907849134,422.8234956573721,1.5520471808519802,133.180210443629,88.79293408804814,65.67642850493239,287.6495730366095,12,2022,Transport_Heavy
229.16020299620823,143.90210501619174,1.9745472651988698,187.91136645689073,30.219442053400265,83.55494207415536,301.68575058444634,1,2023,Urban_Commuter
114.01131757664525,560.5403927693739,1.4874311982495136,93.4892804128491,117.7134824815685,62.94213858512642,274.14490147954405,1,2023,Transport_Heavy
83.93448570052423,50.7474593529153,1.0191808609600659,68.82627827442987,10.656966464112212,43.12765731238614,122.61090205092822,1,2023,Low_Emission
195.0217329739221,151.57753708664046,1.1393560740728241,159.91782103861613,31.831282788194496,48.21299163046562,239.96209545727623,1,2023,Urban_Commuter
355.4259836383204,63.22762111253304,2.8508584518545783,291.4493065834227,13.277800433631938,120.63692624867834,425.364033265733,1,2023,High_Energy
140.84609897790534,103.67813530949334,1.914298806560499,115.49380116188237,21.772408414993603,81.00546829841406,218.27167787529004,2,2023,Urban_Commuter
88.90326570414743,29.92363014044023,0.34702277994099706,72.90067787740088,6.283962329492448,14.684615955983231,93.86925616287657,2,2023,Sustainable
79.08522330111185,43.18967214828807,0.4444948902324222,64.84988310691172,9.069831151140495,18.80924577507518,92.7289600331274,2,2023,Sustainable
121.00278079906735,152.7367605269233,1.2664983933708822,99.22228025523522,32.07471971065389,53.593146013882254,184.89014597977138,2,2023,Urban_Commuter
399.3532755425771,110.05168604336534,2.497555011819383,327.4696859449132,23.11085406910672,105.686537880149,456.2670778941689,2,2023,High_Energy
237.16179188874398,183.7541049784146,1.3831385282494975,194.47266934877004,38.588362045467065,58.52888996140573,291.58992135564284,3,2023,Urban_Commuter
163.3054089326031,170.77427531224987,1.9586271773132204,133.91043532473452,35.86259781557247,82.88126763518623,252.65430077549325,3,2023,Urban_Commuter
55.79590675475885,56.189126567983294,0.6717443767769247,45.752643538902255,11.799716579276492,28.425535047692343,85.97789516587109,3,2023,Low_Emission
90.22473944218177,27.487735854289742,0.9408595741043397,73.98428634258904,5.772424529400846,39.81341373779924,119.57012460978913,3,2023,Sustainable
324.28042890579377,106.64046402968972,2.2140756032986495,265.9099517027509,22.39449744623484,93.69082322918564,381.99527237817136,3,2023,High_Energy
69.02529651594477,20.796448895687796,0.6778899452357354,56.60074314307471,4.367254268094437,28.685590922595377,89.65358833376452,4,2023,Sustainable
398.7694826750637,55.14258134842503,2.2445493708018542,326.99097579355225,11.579942083169257,94.98035117485125,433.5512690515728,4,2023,High_Energy
49.28032845299417,34.93330203619963,0.6319661160902588,40.40986933145522,7.335993427601921,26.742278168475387,74.48814092753253,4,2023,Sustainable
55.25964472150661,63.6913253722162,0.8468439213443388,45.31290867163542,13.3751783281654,35.83504737560704,94.52313437540786,4,2023,Low_Emission
399.57151456703866,95.9681512761131,1.6139001155544332,327.6486419449717,20.15331176798375,68.29379728980139,416.0957510027568,4,2023,High_Energy
219.91238184534689,238.93929417088535,1.2721451372299626,180.32815311318444,50.17725177588592,53.83209362702309,284.33749851609343,5,2023,Urban_Commuter
115.46406190206173,162.9193113618822,1.8074302518167613,94.68053075969061,34.21305538599526,76.48321853587807,205.37680468156395,5,2023,Urban_Commuter
59.5773041643273,77.01424122924814,0.812204041070569,48.853389414748385,16.17299065814211,34.3692262019422,99.39560627483269,5,2023,Low_Emission
154.1900947378358,561.8837507629225,1.7322248864095613,126.43587768502536,117.99558766021373,73.30082829330699,317.7322936385461,5,2023,Transport_Heavy
85.54215073233098,38.96413317092554,0.7460621058526408,70.1445636005114,8.182467965894364,31.570364071260347,109.89739563766611,5,2023,Sustainable
113.23546688452174,58.7998951470298,0.9852226480198473,92.85308284530782,12.347977980876259,41.690681573607854,146.89174239979195,6,2023,Low_Emission
116.08415377806293,22.365608682110356,0.9939026207609819,95.18900609801159,4.696777823243175,42.057983300121705,141.94376722137648,6,2023,Low_Emission
62.64027415891334,54.07671383315777,1.1408418083116292,51.36502481030894,11.35610990496313,48.275861960514895,110.99699667578696,6,2023,Low_Emission
83.8614202874969,17.703961111425215,0.38069741487309905,68.76636463574745,3.7178318333992952,16.10959180777006,88.59378827691681,6,2023,Sustainable
486.06662227835847,97.42142166574638,2.79306397648397,398.57463026825394,20.458498549806738,118.19129522889568,537.2244240469563,6,2023,High_Energy
329.7751183108139,132.89154741506775,1.555511452073239,270.4155970148674,27.907224957164225,65.82302260593117,364.14584457796275,7,2023,High_Energy
390.16929850087854,98.10618838440865,2.8274975347849214,319.9388247707204,20.602299560725818,119.64838568195873,460.18951001340497,7,2023,High_Energy
334.96874094201655,122.47667715287615,1.5980345111984136,274.67436757245355,25.72010220210399,67.62242837587206,368.0168981504296,7,2023,High_Energy
87.68810432665512,59.69931050483249,1.0164990368345674,71.9042455478572,12.536855206014822,43.014173242691555,127.45527399656358,7,2023,Low_Emission
112.0184423765331,56.951791290938274,0.6630716323275436,91.85512274875714,11.959876171097036,28.058539193572337,131.87353811342652,7,2023,Low_Emission
467.5247184752325,52.126941085038716,2.812052509026299,383.3702691496906,10.94665762785813,118.99481397195684,513.3117407495056,8,2023,High_Energy
63.03783339518354,47.303596377010116,0.3490207940232297,51.6910233840505,9.933755239172124,14.769163919886987,76.39394254310962,8,2023,Sustainable
105.26838359772286,326.56302318408547,1.037596773206261,86.32007455013274,68.57823486865794,43.906945054996136,198.80525447378682,8,2023,Transport_Heavy
162.75054632183702,562.1031342559016,1.984083469199295,133.45544798390634,118.04165819373934,83.95847608263736,335.455582260283,8,2023,Transport_Heavy
113.75490026671451,167.27409276568443,1.522519191634523,93.2790182187059,35.12755948079373,64.42692211320647,192.8334998127061,8,2023,Urban_Commuter
66.71440020378117,26.62844678788368,0.7482355103485435,54.70580816710056,5.591973825455573,31.662333855908965,91.9601158484651,9,2023,Low_Emission
144.4462180683985,146.72155020998198,1.0420931896363619,118.44589881608677,30.811525544096217,44.09721541265229,193.3546397728353,9,2023,Urban_Commuter
113.72373714402741,22.70604063321939,0.5766273190753806,93.25346445810247,4.768268532976072,24.400561633993803,122.42229462507234,9,2023,Low_Emission
97.57530978851489,33.09523327190385,1.1649728287651577,80.0117540265822,6.949998987099808,49.29699022202641,136.2587432357084,9,2023,Low_Emission
55.53895909610882,33.542169158929816,0.9876313605560572,45.54194645880923,7.043855523375261,41.79260865329012,94.37841063547461,9,2023,Sustainable
475.9309917938176,148.91849098133588,2.615029234340436,390.2634132709304,31.272883106080535,110.6575770803499,532.1938734573608,10,2023,High_Energy
123.16717013834435,582.8195322405377,1.6496466489923685,100.99707951344236,122.39210177051291,69.80644759876105,293.19562888271633,10,2023,Transport_Heavy
89.83855106503748,14.813550481399837,0.33286175000346907,73.66761187333073,3.1108456010939656,14.085377813146795,90.86383528757149,10,2023,Sustainable
65.43403463491228,31.18629572865527,1.0457091314967273,53.655908400628064,6.5491221030176066,44.250227608415514,104.45525811206119,10,2023,Low_Emission
43.47056059380378,48.764105205632454,0.9186501194743979,35.6458596869191,10.240462093182815,38.87359845567862,84.75992023578053,10,2023,Sustainable
399.31851810758525,102.50315008602682,1.8903500519272909,327.4411848482199,21.525661518065633,79.99205279735524,428.9588991636408,11,2023,High_Energy
439.55961892602284,119.60206180537922,1.7308438595097826,360.4388875193387,25.116432979129634,73.24238875901595,458.7977092574843,11,2023,High_Energy
306.11014295916516,72.3817614822623,2.30546163434012,251.0103172265154,15.200169911275083,97.55791451873652,363.76840165652703,11,2023,High_Energy
112.64450088594879,71.60760898507542,0.8202024684415952,92.368490726478,15.037597886865838,34.70768765457454,142.11377626791838,11,2023,Low_Emission
318.23984371407875,97.66768283303685,1.566564995299855,260.9566718455446,20.510213394937736,66.29076434110867,347.757649581591,11,2023,High_Energy
229.3191425898176,261.9032149449756,1.6552419806390217,188.04169692365042,54.99967513844488,70.04321965272084,313.08459171481616,12,2023,Urban_Commuter
84.11275927140716,21.25563842310107,0.4768543657726195,68.97246260255386,4.463684068851225,20.178569342034166,93.61471601343925,12,2023,Sustainable
430.85502842214623,99.58757350787708,1.621569323861472,353.30112330615987,20.913390436654186,68.61832750852204,442.8328412513361,12,2023,High_Energy
110.94688600544539,568.3439792904203,1.991475335145048,90.97644652446522,119.35223565098826,84.27127028199786,294.5999524574513,12,2023,Transport_Heavy
174.27197905209613,196.1173154653296,1.5924077846595175,142.9030228227188,41.18463624771921,67.38432781565214,251.47198688609015,12,2023,Urban_Commuter
